{
  "run_meta_summary": {
    "experiment_name": "c2_sim_llama31_val",
    "model": "llama3.1:8b",
    "condition": "C2"
  },
  "categorical": {
    "n_scored": 1512,
    "n_excluded": 591,
    "n_invalid": 0,
    "accuracy": 0.2916666666666667,
    "macro_f1": 0.2799896271957104,
    "per_class_f1": {
      "ang": 0.43149606299212606,
      "hap": 0.15981735159817353,
      "exc": 0.2702702702702703,
      "neu": 0.2099737532808399,
      "sad": 0.3218390804597701,
      "fru": 0.28654124457308255
    },
    "confusion_matrix": {
      "labels": [
        "ang",
        "hap",
        "exc",
        "neu",
        "sad",
        "fru"
      ],
      "matrix": [
        [
          137,
          40,
          19,
          8,
          60,
          63
        ],
        [
          4,
          35,
          10,
          4,
          9,
          3
        ],
        [
          13,
          124,
          60,
          13,
          20,
          8
        ],
        [
          40,
          62,
          53,
          40,
          34,
          29
        ],
        [
          6,
          31,
          10,
          18,
          70,
          8
        ],
        [
          108,
          81,
          54,
          40,
          99,
          99
        ]
      ]
    }
  },
  "dimensional": {
    "n_total_rows": 2103,
    "n_nan_gold_dropped": 0,
    "n_pred_invalid_dropped": 0,
    "n_scored": 2103,
    "pearson": {
      "v": 0.43283760550718736,
      "a": 0.2916479038132164,
      "d": -0.017027934731635996,
      "mean": 0.23581919152958927
    },
    "rmse": {
      "v": 0.9284542312312456,
      "a": 0.8421309170549549,
      "d": 1.2851229174713155,
      "mean": 1.0185693552525052
    },
    "mae": {
      "v": 0.7042480741797432,
      "a": 0.6652400855920114,
      "d": 1.071659629101284,
      "mean": 0.8137159296243462
    },
    "granularity": {
      "v": 11,
      "a": 17,
      "d": 21
    }
  }
}