{
  "run_meta_summary": {
    "experiment_name": "c2_llm_llama31_val_demo",
    "model": "llama3.1:8b",
    "condition": "C2"
  },
  "categorical": {
    "n_scored": 19,
    "n_excluded": 1,
    "n_invalid": 0,
    "accuracy": 0.47368421052631576,
    "macro_f1": 0.13286713286713284,
    "per_class_f1": {
      "ang": 0.18181818181818182,
      "hap": 0.0,
      "exc": 0.0,
      "neu": 0.0,
      "sad": 0.0,
      "fru": 0.6153846153846153
    },
    "confusion_matrix": {
      "labels": [
        "ang",
        "hap",
        "exc",
        "neu",
        "sad",
        "fru"
      ],
      "matrix": [
        [
          1,
          0,
          0,
          0,
          0,
          3
        ],
        [
          0,
          0,
          0,
          0,
          0,
          0
        ],
        [
          0,
          0,
          0,
          0,
          0,
          0
        ],
        [
          0,
          0,
          0,
          0,
          0,
          0
        ],
        [
          0,
          0,
          0,
          0,
          0,
          0
        ],
        [
          6,
          1,
          0,
          0,
          0,
          8
        ]
      ]
    }
  },
  "dimensional": {
    "n_total_rows": 20,
    "n_nan_gold_dropped": 0,
    "n_pred_invalid_dropped": 0,
    "n_scored": 20,
    "pearson": {
      "v": 0.16954745697009227,
      "a": 0.15430089475941916,
      "d": -0.13130348689912716,
      "mean": 0.0641816216101281
    },
    "rmse": {
      "v": 0.6811754546370561,
      "a": 0.6296824596572466,
      "d": 1.8160396471443019,
      "mean": 1.0422991871462015
    },
    "mae": {
      "v": 0.55,
      "a": 0.43500000000000005,
      "d": 1.6300000000000003,
      "mean": 0.8716666666666667
    },
    "granularity": {
      "v": 5,
      "a": 6,
      "d": 6
    }
  },
  "cost": {
    "n_records": 20,
    "stage1_latency_ms": {
      "mean": 43409.716586675495,
      "total": 868194.3317335099
    },
    "stage2_latency_ms": {
      "mean": 81499.0375587251,
      "total": 1629980.751174502
    },
    "fallback_rate": 0.0,
    "stage1_skipped_rate": 0.25
  }
}