{
  "run_meta_summary": {
    "experiment_name": "c2_sim_llama31_test",
    "model": "llama3.1:8b",
    "condition": "C2"
  },
  "categorical": {
    "n_scored": 1622,
    "n_excluded": 571,
    "n_invalid": 0,
    "accuracy": 0.343403205918619,
    "macro_f1": 0.3433617455932258,
    "per_class_f1": {
      "ang": 0.37532133676092544,
      "hap": 0.32027257240204426,
      "exc": 0.303030303030303,
      "neu": 0.31464737793851716,
      "sad": 0.4557377049180328,
      "fru": 0.29116117850953205
    },
    "confusion_matrix": {
      "labels": [
        "ang",
        "hap",
        "exc",
        "neu",
        "sad",
        "fru"
      ],
      "matrix": [
        [
          73,
          17,
          25,
          5,
          17,
          33
        ],
        [
          2,
          94,
          16,
          13,
          11,
          7
        ],
        [
          19,
          131,
          80,
          27,
          33,
          9
        ],
        [
          23,
          116,
          51,
          87,
          57,
          50
        ],
        [
          12,
          40,
          18,
          23,
          139,
          13
        ],
        [
          90,
          46,
          39,
          14,
          108,
          84
        ]
      ]
    }
  },
  "dimensional": {
    "n_total_rows": 2193,
    "n_nan_gold_dropped": 23,
    "n_pred_invalid_dropped": 0,
    "n_scored": 2170,
    "pearson": {
      "v": 0.47181157182296646,
      "a": 0.35277610269463894,
      "d": -0.0637247604253586,
      "mean": 0.2536209713640823
    },
    "rmse": {
      "v": 0.904808454900764,
      "a": 0.8181845632941892,
      "d": 1.327498763778747,
      "mean": 1.0168305939912334
    },
    "mae": {
      "v": 0.687573133640553,
      "a": 0.6477881105990783,
      "d": 1.101151797235023,
      "mean": 0.8121710138248849
    },
    "granularity": {
      "v": 12,
      "a": 18,
      "d": 21
    }
  }
}