{
  "run_meta_summary": {
    "experiment_name": "c1_llama31_val_demo",
    "model": "llama3.1:8b",
    "condition": "C1"
  },
  "categorical": {
    "n_scored": 19,
    "n_excluded": 1,
    "n_invalid": 0,
    "accuracy": 0.5263157894736842,
    "macro_f1": 0.14871794871794872,
    "per_class_f1": {
      "ang": 0.2,
      "hap": 0.0,
      "exc": 0.0,
      "neu": 0.0,
      "sad": 0.0,
      "fru": 0.6923076923076923
    },
    "confusion_matrix": {
      "labels": [
        "ang",
        "hap",
        "exc",
        "neu",
        "sad",
        "fru"
      ],
      "matrix": [
        [
          1,
          0,
          1,
          0,
          0,
          2
        ],
        [
          0,
          0,
          0,
          0,
          0,
          0
        ],
        [
          0,
          0,
          0,
          0,
          0,
          0
        ],
        [
          0,
          0,
          0,
          0,
          0,
          0
        ],
        [
          0,
          0,
          0,
          0,
          0,
          0
        ],
        [
          5,
          1,
          0,
          0,
          0,
          9
        ]
      ]
    }
  },
  "dimensional": {
    "n_total_rows": 20,
    "n_nan_gold_dropped": 0,
    "n_pred_invalid_dropped": 0,
    "n_scored": 20,
    "pearson": {
      "v": 0.13187024431007177,
      "a": 0.1761384794076517,
      "d": -0.2133864268458997,
      "mean": 0.03154076562394126
    },
    "rmse": {
      "v": 0.6884765791223403,
      "a": 0.6804410334481601,
      "d": 1.8477012745571186,
      "mean": 1.0722062957092062
    },
    "mae": {
      "v": 0.5800000000000001,
      "a": 0.4699999999999999,
      "d": 1.6700000000000004,
      "mean": 0.9066666666666668
    },
    "granularity": {
      "v": 5,
      "a": 8,
      "d": 6
    }
  }
}