{
  "run_meta_summary": {
    "experiment_name": "c2_random_llama31_val",
    "model": "llama3.1:8b",
    "condition": "C2"
  },
  "categorical": {
    "n_scored": 1512,
    "n_excluded": 591,
    "n_invalid": 0,
    "accuracy": 0.28835978835978837,
    "macro_f1": 0.27507322703834286,
    "per_class_f1": {
      "ang": 0.43601895734597157,
      "hap": 0.17002237136465323,
      "exc": 0.2572062084257206,
      "neu": 0.1797752808988764,
      "sad": 0.3233256351039261,
      "fru": 0.2840909090909091
    },
    "confusion_matrix": {
      "labels": [
        "ang",
        "hap",
        "exc",
        "neu",
        "sad",
        "fru"
      ],
      "matrix": [
        [
          138,
          39,
          17,
          7,
          54,
          72
        ],
        [
          2,
          38,
          12,
          2,
          9,
          2
        ],
        [
          11,
          128,
          58,
          6,
          24,
          11
        ],
        [
          36,
          70,
          59,
          32,
          31,
          30
        ],
        [
          7,
          34,
          11,
          13,
          70,
          8
        ],
        [
          112,
          73,
          56,
          38,
          102,
          100
        ]
      ]
    }
  },
  "dimensional": {
    "n_total_rows": 2103,
    "n_nan_gold_dropped": 0,
    "n_pred_invalid_dropped": 0,
    "n_scored": 2103,
    "pearson": {
      "v": 0.448026962830113,
      "a": 0.2629334164486421,
      "d": -0.011978672110999084,
      "mean": 0.232993902389252
    },
    "rmse": {
      "v": 0.9207476769958723,
      "a": 0.8491559582442899,
      "d": 1.2917917387749058,
      "mean": 1.0205651246716894
    },
    "mae": {
      "v": 0.6991601046124585,
      "a": 0.6717703756538278,
      "d": 1.0763513076557296,
      "mean": 0.8157605959740053
    },
    "granularity": {
      "v": 12,
      "a": 16,
      "d": 20
    }
  }
}