{
  "run_meta_summary": {
    "experiment_name": "c2_llm_llama31_test",
    "model": "llama3.1:8b",
    "condition": "C2"
  },
  "categorical": {
    "n_scored": 1622,
    "n_excluded": 571,
    "n_invalid": 0,
    "accuracy": 0.374845869297164,
    "macro_f1": 0.3716787077892569,
    "per_class_f1": {
      "ang": 0.42574257425742573,
      "hap": 0.35532994923857864,
      "exc": 0.3726937269372694,
      "neu": 0.23284823284823283,
      "sad": 0.5039619651347069,
      "fru": 0.3394957983193277
    },
    "confusion_matrix": {
      "labels": [
        "ang",
        "hap",
        "exc",
        "neu",
        "sad",
        "fru"
      ],
      "matrix": [
        [
          86,
          16,
          9,
          2,
          21,
          36
        ],
        [
          1,
          105,
          15,
          1,
          12,
          9
        ],
        [
          16,
          132,
          101,
          11,
          32,
          7
        ],
        [
          29,
          120,
          60,
          56,
          68,
          51
        ],
        [
          13,
          39,
          12,
          12,
          159,
          10
        ],
        [
          89,
          36,
          46,
          15,
          94,
          101
        ]
      ]
    }
  },
  "dimensional": {
    "n_total_rows": 2193,
    "n_nan_gold_dropped": 23,
    "n_pred_invalid_dropped": 0,
    "n_scored": 2170,
    "pearson": {
      "v": 0.5119010935541557,
      "a": 0.3774169478391899,
      "d": -0.06385184155591775,
      "mean": 0.2751553999458093
    },
    "rmse": {
      "v": 0.886473273937534,
      "a": 0.8046193580881199,
      "d": 1.340832704369188,
      "mean": 1.0106417787982807
    },
    "mae": {
      "v": 0.6717052073732719,
      "a": 0.6377881105990784,
      "d": 1.120936866359447,
      "mean": 0.8101433947772657
    },
    "granularity": {
      "v": 11,
      "a": 16,
      "d": 22
    }
  },
  "cost": {
    "n_records": 2193,
    "stage1_latency_ms": {
      "mean": 91561.98187587791,
      "total": 200795426.25380078
    },
    "stage2_latency_ms": {
      "mean": 112031.69600719122,
      "total": 245685509.34377065
    },
    "fallback_rate": 0.0,
    "stage1_skipped_rate": 0.07067943456452348
  }
}