{
  "run_meta_summary": {
    "experiment_name": "c2_llm_llama31_val",
    "model": "llama3.1:8b",
    "condition": "C2"
  },
  "categorical": {
    "n_scored": 1512,
    "n_excluded": 591,
    "n_invalid": 0,
    "accuracy": 0.333994708994709,
    "macro_f1": 0.31398553053978334,
    "per_class_f1": {
      "ang": 0.4923547400611621,
      "hap": 0.14669926650366746,
      "exc": 0.33123689727463307,
      "neu": 0.22222222222222224,
      "sad": 0.3486238532110092,
      "fru": 0.3427762039660057
    },
    "confusion_matrix": {
      "labels": [
        "ang",
        "hap",
        "exc",
        "neu",
        "sad",
        "fru"
      ],
      "matrix": [
        [
          161,
          24,
          24,
          5,
          57,
          56
        ],
        [
          2,
          30,
          21,
          2,
          7,
          3
        ],
        [
          10,
          119,
          79,
          4,
          17,
          9
        ],
        [
          39,
          54,
          60,
          38,
          37,
          30
        ],
        [
          8,
          38,
          6,
          9,
          76,
          6
        ],
        [
          107,
          79,
          49,
          26,
          99,
          121
        ]
      ]
    }
  },
  "dimensional": {
    "n_total_rows": 2103,
    "n_nan_gold_dropped": 0,
    "n_pred_invalid_dropped": 0,
    "n_scored": 2103,
    "pearson": {
      "v": 0.4745656524380923,
      "a": 0.325362411373749,
      "d": 0.04792552409333366,
      "mean": 0.28261786263505834
    },
    "rmse": {
      "v": 0.9045139737066132,
      "a": 0.8292745182301393,
      "d": 1.2509094627905357,
      "mean": 0.9948993182424294
    },
    "mae": {
      "v": 0.6863847360912981,
      "a": 0.6538753685211602,
      "d": 1.0444446029481693,
      "mean": 0.794901569186876
    },
    "granularity": {
      "v": 11,
      "a": 18,
      "d": 23
    }
  },
  "cost": {
    "n_records": 2103,
    "stage1_latency_ms": {
      "mean": 90223.7283434361,
      "total": 189740500.70624658
    },
    "stage2_latency_ms": {
      "mean": 118263.97626427424,
      "total": 248709142.08376908
    },
    "fallback_rate": 0.0009510223490252021,
    "stage1_skipped_rate": 0.07132667617689016
  }
}