{
  "run_meta_summary": {
    "experiment_name": "c1_mistral",
    "model": "mistral:7b-instruct-q4_K_M",
    "condition": "C1"
  },
  "categorical": {
    "n_scored": 1622,
    "n_excluded": 571,
    "n_invalid": 0,
    "accuracy": 0.3088779284833539,
    "macro_f1": 0.2778108892268545,
    "per_class_f1": {
      "ang": 0.24507658643326038,
      "hap": 0.29042904290429045,
      "exc": 0.42,
      "neu": 0.03553299492385787,
      "sad": 0.28433734939759037,
      "fru": 0.39148936170212767
    },
    "confusion_matrix": {
      "labels": [
        "ang",
        "hap",
        "exc",
        "neu",
        "sad",
        "fru"
      ],
      "matrix": [
        [
          56,
          3,
          5,
          0,
          14,
          92
        ],
        [
          7,
          44,
          35,
          2,
          8,
          47
        ],
        [
          30,
          38,
          105,
          0,
          27,
          99
        ],
        [
          71,
          45,
          30,
          7,
          26,
          205
        ],
        [
          36,
          15,
          14,
          0,
          59,
          121
        ],
        [
          87,
          15,
          12,
          1,
          36,
          230
        ]
      ]
    }
  },
  "dimensional": {
    "n_total_rows": 2193,
    "n_nan_gold_dropped": 23,
    "n_pred_invalid_dropped": 0,
    "n_scored": 2170,
    "pearson": {
      "v": 0.2540967099131951,
      "a": 0.23014586564301698,
      "d": -0.1196801050953718,
      "mean": 0.12152082348694676
    },
    "rmse": {
      "v": 1.0549541623977645,
      "a": 0.8127095988453069,
      "d": 1.3336021695528035,
      "mean": 1.067088643598625
    },
    "mae": {
      "v": 0.7953916589861751,
      "a": 0.6276494930875577,
      "d": 1.1007681105990783,
      "mean": 0.8412697542242703
    },
    "granularity": {
      "v": 8,
      "a": 9,
      "d": 8
    }
  }
}