{
  "run_meta_summary": {
    "experiment_name": "c0_mistral",
    "model": "mistral:7b-instruct-q4_K_M",
    "condition": "C0"
  },
  "categorical": {
    "n_scored": 1622,
    "n_excluded": 571,
    "n_invalid": 0,
    "accuracy": 0.26202219482120837,
    "macro_f1": 0.23643767438837804,
    "per_class_f1": {
      "ang": 0.21868787276341947,
      "hap": 0.2768670309653916,
      "exc": 0.233502538071066,
      "neu": 0.03535353535353536,
      "sad": 0.2824601366742597,
      "fru": 0.37175493250259606
    },
    "confusion_matrix": {
      "labels": [
        "ang",
        "hap",
        "exc",
        "neu",
        "sad",
        "fru"
      ],
      "matrix": [
        [
          55,
          13,
          2,
          1,
          17,
          82
        ],
        [
          10,
          76,
          20,
          2,
          10,
          25
        ],
        [
          41,
          111,
          46,
          1,
          18,
          82
        ],
        [
          93,
          118,
          13,
          7,
          31,
          122
        ],
        [
          47,
          37,
          6,
          1,
          62,
          92
        ],
        [
          87,
          51,
          8,
          0,
          56,
          179
        ]
      ]
    }
  },
  "dimensional": {
    "n_total_rows": 2193,
    "n_nan_gold_dropped": 23,
    "n_pred_invalid_dropped": 0,
    "n_scored": 2170,
    "pearson": {
      "v": 0.334749666909312,
      "a": 0.23913848183295544,
      "d": 0.026607443394225307,
      "mean": 0.2001651973788309
    },
    "rmse": {
      "v": 1.0319521516454697,
      "a": 0.7842371783861906,
      "d": 1.2370992345892056,
      "mean": 1.017762854873622
    },
    "mae": {
      "v": 0.7771121198156682,
      "a": 0.6067583410138249,
      "d": 0.9920120737327189,
      "mean": 0.7919608448540707
    },
    "granularity": {
      "v": 8,
      "a": 9,
      "d": 8
    }
  }
}