{
  "run_meta_summary": {
    "experiment_name": "c2_random_llama31_test",
    "model": "llama3.1:8b",
    "condition": "C2"
  },
  "categorical": {
    "n_scored": 1622,
    "n_excluded": 571,
    "n_invalid": 0,
    "accuracy": 0.343403205918619,
    "macro_f1": 0.34194044383123984,
    "per_class_f1": {
      "ang": 0.40404040404040403,
      "hap": 0.31686541737649065,
      "exc": 0.29574861367837335,
      "neu": 0.2784313725490196,
      "sad": 0.484472049689441,
      "fru": 0.2720848056537103
    },
    "confusion_matrix": {
      "labels": [
        "ang",
        "hap",
        "exc",
        "neu",
        "sad",
        "fru"
      ],
      "matrix": [
        [
          80,
          18,
          22,
          3,
          19,
          28
        ],
        [
          3,
          93,
          19,
          5,
          14,
          9
        ],
        [
          13,
          135,
          80,
          14,
          45,
          12
        ],
        [
          23,
          114,
          63,
          71,
          60,
          53
        ],
        [
          11,
          40,
          16,
          16,
          156,
          6
        ],
        [
          96,
          44,
          42,
          17,
          105,
          77
        ]
      ]
    }
  },
  "dimensional": {
    "n_total_rows": 2193,
    "n_nan_gold_dropped": 23,
    "n_pred_invalid_dropped": 0,
    "n_scored": 2170,
    "pearson": {
      "v": 0.47665310154140095,
      "a": 0.3740892179901988,
      "d": -0.05901826926833853,
      "mean": 0.2639080167544204
    },
    "rmse": {
      "v": 0.8974306175587042,
      "a": 0.7951479692340027,
      "d": 1.327384389717054,
      "mean": 1.0066543255032536
    },
    "mae": {
      "v": 0.6829646543778802,
      "a": 0.6242705069124423,
      "d": 1.1040090322580645,
      "mean": 0.803748064516129
    },
    "granularity": {
      "v": 11,
      "a": 16,
      "d": 23
    }
  }
}