{
  "run_meta_summary": {
    "experiment_name": "c1_fewshot_llama31_val_demo",
    "model": "llama3.1:8b",
    "condition": "C1"
  },
  "categorical": {
    "n_scored": 19,
    "n_excluded": 1,
    "n_invalid": 0,
    "accuracy": 0.631578947368421,
    "macro_f1": 0.13333333333333336,
    "per_class_f1": {
      "ang": 0.0,
      "hap": 0.0,
      "exc": 0.0,
      "neu": 0.0,
      "sad": 0.0,
      "fru": 0.8000000000000002
    },
    "confusion_matrix": {
      "labels": [
        "ang",
        "hap",
        "exc",
        "neu",
        "sad",
        "fru"
      ],
      "matrix": [
        [
          0,
          1,
          0,
          0,
          0,
          3
        ],
        [
          0,
          0,
          0,
          0,
          0,
          0
        ],
        [
          0,
          0,
          0,
          0,
          0,
          0
        ],
        [
          0,
          0,
          0,
          0,
          0,
          0
        ],
        [
          0,
          0,
          0,
          0,
          0,
          0
        ],
        [
          0,
          3,
          0,
          0,
          0,
          12
        ]
      ]
    }
  },
  "dimensional": {
    "n_total_rows": 20,
    "n_nan_gold_dropped": 0,
    "n_pred_invalid_dropped": 0,
    "n_scored": 20,
    "pearson": {
      "v": 0.2564999880778809,
      "a": -0.14441446551702344,
      "d": -0.3542855926947981,
      "mean": -0.08073335671131356
    },
    "rmse": {
      "v": 0.720416546173115,
      "a": 0.7845380806563821,
      "d": 1.0224969437607137,
      "mean": 0.8424838568634035
    },
    "mae": {
      "v": 0.51,
      "a": 0.635,
      "d": 0.7450000000000001,
      "mean": 0.63
    },
    "granularity": {
      "v": 5,
      "a": 4,
      "d": 8
    }
  }
}