{
  "run_meta_summary": {
    "experiment_name": "c0_llama31_val_demo",
    "model": "llama3.1:8b",
    "condition": "C0"
  },
  "categorical": {
    "n_scored": 19,
    "n_excluded": 1,
    "n_invalid": 0,
    "accuracy": 0.21052631578947367,
    "macro_f1": 0.06666666666666667,
    "per_class_f1": {
      "ang": 0.0,
      "hap": 0.0,
      "exc": 0.0,
      "neu": 0.0,
      "sad": 0.0,
      "fru": 0.4
    },
    "confusion_matrix": {
      "labels": [
        "ang",
        "hap",
        "exc",
        "neu",
        "sad",
        "fru"
      ],
      "matrix": [
        [
          0,
          0,
          0,
          1,
          2,
          1
        ],
        [
          0,
          0,
          0,
          0,
          0,
          0
        ],
        [
          0,
          0,
          0,
          0,
          0,
          0
        ],
        [
          0,
          0,
          0,
          0,
          0,
          0
        ],
        [
          0,
          0,
          0,
          0,
          0,
          0
        ],
        [
          6,
          0,
          0,
          3,
          2,
          4
        ]
      ]
    }
  },
  "dimensional": {
    "n_total_rows": 20,
    "n_nan_gold_dropped": 0,
    "n_pred_invalid_dropped": 0,
    "n_scored": 20,
    "pearson": {
      "v": 0.24406583343411323,
      "a": -0.027239840525161083,
      "d": -0.20716997285654526,
      "mean": 0.0032186733508023
    },
    "rmse": {
      "v": 0.6204836822995429,
      "a": 1.0307764064044151,
      "d": 1.4536161804272818,
      "mean": 1.03495875637708
    },
    "mae": {
      "v": 0.5000000000000001,
      "a": 0.7849999999999999,
      "d": 1.1400000000000001,
      "mean": 0.8083333333333335
    },
    "granularity": {
      "v": 3,
      "a": 8,
      "d": 10
    }
  }
}