{
  "run_meta_summary": {
    "experiment_name": "c0_llama31",
    "model": "llama3.1:8b",
    "condition": "C0"
  },
  "categorical": {
    "n_scored": 1622,
    "n_excluded": 571,
    "n_invalid": 0,
    "accuracy": 0.33045622688039455,
    "macro_f1": 0.3225702920009717,
    "per_class_f1": {
      "ang": 0.41643835616438357,
      "hap": 0.3111888111888112,
      "exc": 0.19733333333333336,
      "neu": 0.378125,
      "sad": 0.3885267275097784,
      "fru": 0.2438095238095238
    },
    "confusion_matrix": {
      "labels": [
        "ang",
        "hap",
        "exc",
        "neu",
        "sad",
        "fru"
      ],
      "matrix": [
        [
          76,
          18,
          3,
          2,
          47,
          24
        ],
        [
          2,
          89,
          6,
          20,
          21,
          5
        ],
        [
          12,
          132,
          37,
          44,
          59,
          15
        ],
        [
          20,
          96,
          12,
          121,
          103,
          32
        ],
        [
          15,
          41,
          3,
          33,
          149,
          4
        ],
        [
          70,
          53,
          15,
          36,
          143,
          64
        ]
      ]
    }
  },
  "dimensional": {
    "n_total_rows": 2193,
    "n_nan_gold_dropped": 23,
    "n_pred_invalid_dropped": 0,
    "n_scored": 2170,
    "pearson": {
      "v": 0.4651426232369973,
      "a": 0.37205613616676736,
      "d": -0.016513283851006304,
      "mean": 0.2735618251842528
    },
    "rmse": {
      "v": 0.917904761464835,
      "a": 0.8067889689642492,
      "d": 1.2155962259006743,
      "mean": 0.9800966521099195
    },
    "mae": {
      "v": 0.6915361751152074,
      "a": 0.6390786175115207,
      "d": 0.9836248847926267,
      "mean": 0.7714132258064516
    },
    "granularity": {
      "v": 12,
      "a": 18,
      "d": 18
    }
  }
}