{
  "run_meta_summary": {
    "experiment_name": "c1_llama31",
    "model": "llama3.1:8b",
    "condition": "C1"
  },
  "categorical": {
    "n_scored": 1622,
    "n_excluded": 571,
    "n_invalid": 0,
    "accuracy": 0.3532675709001233,
    "macro_f1": 0.3517820430050455,
    "per_class_f1": {
      "ang": 0.38190954773869346,
      "hap": 0.3356164383561644,
      "exc": 0.3415559772296015,
      "neu": 0.2978723404255319,
      "sad": 0.4763406940063091,
      "fru": 0.2773972602739726
    },
    "confusion_matrix": {
      "labels": [
        "ang",
        "hap",
        "exc",
        "neu",
        "sad",
        "fru"
      ],
      "matrix": [
        [
          76,
          15,
          17,
          3,
          22,
          37
        ],
        [
          2,
          98,
          19,
          6,
          11,
          7
        ],
        [
          13,
          136,
          90,
          18,
          30,
          12
        ],
        [
          27,
          108,
          47,
          77,
          68,
          57
        ],
        [
          12,
          43,
          14,
          16,
          151,
          9
        ],
        [
          98,
          41,
          41,
          13,
          107,
          81
        ]
      ]
    }
  },
  "dimensional": {
    "n_total_rows": 2193,
    "n_nan_gold_dropped": 23,
    "n_pred_invalid_dropped": 0,
    "n_scored": 2170,
    "pearson": {
      "v": 0.4926617282051507,
      "a": 0.3772121174927714,
      "d": -0.06183860779676475,
      "mean": 0.26934507930038576
    },
    "rmse": {
      "v": 0.8895739926768343,
      "a": 0.7906340964970957,
      "d": 1.3402980582261517,
      "mean": 1.0068353824666938
    },
    "mae": {
      "v": 0.6750077880184332,
      "a": 0.6204304147465437,
      "d": 1.1140703225806452,
      "mean": 0.8031695084485406
    },
    "granularity": {
      "v": 13,
      "a": 17,
      "d": 21
    }
  }
}