{
  "run_meta_summary": {
    "experiment_name": "c0_fewshot_llama31_val_demo",
    "model": "llama3.1:8b",
    "condition": "C0"
  },
  "categorical": {
    "n_scored": 19,
    "n_excluded": 1,
    "n_invalid": 0,
    "accuracy": 0.47368421052631576,
    "macro_f1": 0.11538461538461538,
    "per_class_f1": {
      "ang": 0.0,
      "hap": 0.0,
      "exc": 0.0,
      "neu": 0.0,
      "sad": 0.0,
      "fru": 0.6923076923076923
    },
    "confusion_matrix": {
      "labels": [
        "ang",
        "hap",
        "exc",
        "neu",
        "sad",
        "fru"
      ],
      "matrix": [
        [
          0,
          1,
          0,
          0,
          1,
          2
        ],
        [
          0,
          0,
          0,
          0,
          0,
          0
        ],
        [
          0,
          0,
          0,
          0,
          0,
          0
        ],
        [
          0,
          0,
          0,
          0,
          0,
          0
        ],
        [
          0,
          0,
          0,
          0,
          0,
          0
        ],
        [
          0,
          6,
          0,
          0,
          0,
          9
        ]
      ]
    }
  },
  "dimensional": {
    "n_total_rows": 20,
    "n_nan_gold_dropped": 0,
    "n_pred_invalid_dropped": 0,
    "n_scored": 20,
    "pearson": {
      "v": 0.1369301329788072,
      "a": 0.20191849749122678,
      "d": -0.21497289467197075,
      "mean": 0.04129191193268775
    },
    "rmse": {
      "v": 0.7674633541739958,
      "a": 0.8120960534321049,
      "d": 0.8831760866327847,
      "mean": 0.8209118314129618
    },
    "mae": {
      "v": 0.6,
      "a": 0.6449999999999999,
      "d": 0.65,
      "mean": 0.6316666666666667
    },
    "granularity": {
      "v": 5,
      "a": 8,
      "d": 10
    }
  }
}